id,name
c31003c19bc840dbbd329d5af753079f,Mobiles & Accessories
d38a55185e0b45cabde119fef0b0b165,Mobiles
3997b81d2a614a999e191a59979da254,SAMSUNG Mobiles
a5a4c19112844d5b888bb9a819674cc7,realme Mobiles
6910608b3a1647fb9e8020364d47a925,APPLE Mobiles
b6286b03057f40fda5d970e3d97b3c76,Infinix Mobiles
2612f050c0b8425d880f5b74897ba1b2,POCO Mobiles
cf847ad5ef314da7b8e176ef286e4d8c,REDMI Mobiles
1c272064a9a549aca3e18c84858236a1,OPPO Mobiles
fabe3cc5cfed457a8dfbf5054c4d3706,LAVA Mobiles
9cf782a9cd7b4b06ae1f7b199e2164f1,Micromax Mobiles
