id,title,description,price,image_url
becedfd3d4a04cf787b78611ab2d8ccf,"SAMSUNG Galaxy F12 (Sky Blue, 64 GB)","The Samsung Galaxy F12 features a stylish design and innovative features so that you can enjoy using the mobile phone for all that you need. Thanks to its 6000 mAh battery, you will have a blast using your phone for a long time while you stream content and much more. It provides surround sound with Dolby Atmos so that you can delve into a world of rich music. And, it’s equipped with features that ensure the protection of your mobile phone.  ",9499.0,https://rukminim1.flixcart.com/image/312/312/kn22m4w0/mobile/9/k/s/galaxy-f12-sm-f127glbiins-samsung-original-imagftmhhhvghq7w.jpeg
fbe5e42d52f7488298bc91a543d8126d,"realme Narzo 50A (Oxygen Blue, 128 GB)","Equipped with a Helio G85 Gaming Processor, the realme Narzo 50A is a high-speed smartphone that lets you play intense games and binge-watch favourite shows. This smartphone features a 6000 mAh Battery and 18W Quick Charge for uninterrupted performance, and a 50 MP AI Triple Camera to click beautiful photos. ",12499.0,https://rukminim1.flixcart.com/image/312/312/ktx9si80/mobile/d/n/p/narzo-50a-rmx3430-realme-original-imag75kymngzyabx.jpeg
453c20406acd4fe9a8ca79ddc0a505c7,"realme Narzo 50A (Oxygen Blue, 64 GB)","Equipped with a Helio G85 Gaming Processor, the realme Narzo 50A is a high-speed smartphone that lets you play intense games and binge-watch favourite shows. This smartphone features a 6000 mAh Battery and 18W Quick Charge for uninterrupted performance, and a 50 MP AI Triple Camera to click beautiful photos. ",11499.0,https://rukminim1.flixcart.com/image/312/312/ktx9si80/mobile/d/n/p/narzo-50a-rmx3430-realme-original-imag75kymngzyabx.jpeg
0319cf17143948a9ab267a25f88d853e,"realme Narzo 50A (Oxygen Green, 64 GB)","Equipped with a Helio G85 Gaming Processor, the realme Narzo 50A is a high-speed smartphone that lets you play intense games and binge-watch favourite shows. This smartphone features a 6000 mAh Battery and 18W Quick Charge for uninterrupted performance, and a 50 MP AI Triple Camera to click beautiful photos. ",11499.0,https://rukminim1.flixcart.com/image/312/312/ktx9si80/mobile/q/a/c/narzo-50a-rmx3430-realme-original-imag75kybaer8scz.jpeg
bcbf3b696c66430fac744df5a54e908e,"SAMSUNG Galaxy F12 (Sea Green, 64 GB)","The Samsung Galaxy F12 features a stylish design and innovative features so that you can enjoy using the mobile phone for all that you need. Thanks to its 6000 mAh battery, you will have a blast using your phone for a long time while you stream content and much more. It provides surround sound with Dolby Atmos so that you can delve into a world of rich music. And, it’s equipped with features that ensure the protection of your mobile phone.  ",9499.0,https://rukminim1.flixcart.com/image/312/312/kn22m4w0/mobile/a/q/8/galaxy-f12-sm-f127gzgiins-samsung-original-imagftmjw3xqg4yk.jpeg
fe9909dffff34d5cafec4cba45137728,"SAMSUNG Galaxy F12 (Celestial Black, 64 GB)","The Samsung Galaxy F12 features a stylish design and innovative features so that you can enjoy using the mobile phone for all that you need. Thanks to its 6000 mAh battery, you will have a blast using your phone for a long time while you stream content and much more. It provides surround sound with Dolby Atmos so that you can delve into a world of rich music. And, it’s equipped with features that ensure the protection of your mobile phone.  ",9499.0,https://rukminim1.flixcart.com/image/312/312/kn22m4w0/mobile/6/o/e/galaxy-f12-sm-f127gzkgins-samsung-original-imagftmhuqq3arbg.jpeg
250c0bfac63c4c33b5be4c1714380b48,"realme Narzo 50A (Oxygen Green, 128 GB)","Equipped with a Helio G85 Gaming Processor, the realme Narzo 50A is a high-speed smartphone that lets you play intense games and binge-watch favourite shows. This smartphone features a 6000 mAh Battery and 18W Quick Charge for uninterrupted performance, and a 50 MP AI Triple Camera to click beautiful photos. ",12499.0,https://rukminim1.flixcart.com/image/312/312/ktx9si80/mobile/q/a/c/narzo-50a-rmx3430-realme-original-imag75kybaer8scz.jpeg
423cc35e8c0e41a3a344c504af85bb68,"APPLE iPhone 12 (White, 128 GB)",NA,59999.0,https://rukminim1.flixcart.com/image/312/312/kg8avm80/mobile/j/f/9/apple-iphone-12-dummyapplefsn-original-imafwg8dhe5aeyhk.jpeg
ca24be09d941446dbbb9e9abc3ab310b,"realme C21Y (Cross Blue, 32 GB)",NA,8999.0,https://rukminim1.flixcart.com/image/312/312/ksnjp8w0/mobile/k/o/m/c21y-rmx3261-realme-original-imag65kcytrk8dtr.jpeg
ef177c44ded342f1abc8b4043c2ce63d,"realme C21Y (Cross Black, 64 GB)",NA,9999.0,https://rukminim1.flixcart.com/image/312/312/ksnjp8w0/mobile/h/u/u/c21y-rmx3261-realme-original-imag65kcafgjqknz.jpeg
3853b112429040aea84e9c08875012e9,"realme C21Y (Cross Blue, 64 GB)",NA,9999.0,https://rukminim1.flixcart.com/image/312/312/ksnjp8w0/mobile/k/o/m/c21y-rmx3261-realme-original-imag65kcytrk8dtr.jpeg
452b12e4320c4c698077264a454e8343,"realme C11 2021 (Cool Blue, 64 GB)",NA,7999.0,https://rukminim1.flixcart.com/image/312/312/kqjtd3k0/mobile/o/4/x/c11-2021-rmx3231-realme-original-imag4j4yrdt7d9cj.jpeg
1944844952d845bcae0ab4ddc6d454a4,"realme C11 2021 (Cool Grey, 32 GB)",NA,6599.0,https://rukminim1.flixcart.com/image/312/312/kqjtd3k0/mobile/s/b/8/c11-2021-rmx3231-realme-original-imag4j4xkqchhfxk.jpeg
0abb0c2e140447c9a8d7b1124c6a2be7,"realme C11 2021 (Cool Blue, 32 GB)",NA,6599.0,https://rukminim1.flixcart.com/image/312/312/kqjtd3k0/mobile/o/4/x/c11-2021-rmx3231-realme-original-imag4j4yrdt7d9cj.jpeg
40c0aa379ce448b6bdeed35a20b6ab13,"realme C11 2021 (Cool Grey, 64 GB)",NA,7999.0,https://rukminim1.flixcart.com/image/312/312/kqjtd3k0/mobile/s/b/8/c11-2021-rmx3231-realme-original-imag4j4xkqchhfxk.jpeg
ca7cc7d54f3d4e5f9803aaf9f3e0153e,"Infinix Smart 5A (Ocean Wave, 32 GB)","The Infinix Smart 5A brings you impressive visuals, rich sound, and long battery life, all packaged in an attractive smartphone. It features a 16.5 cm (6.52) HD+ screen that offers immersive cinematic visuals. The smartphone is powered by a powerful 12 nm Helio A30 Quad-core processor to handle multiple operations at the same time. It also comes with a responsive fingerprint sensor and Face Unlock feature for additional security. ",6499.0,https://rukminim1.flixcart.com/image/312/312/krtjgcw0/mobile/s/8/9/smart-5a-x657c-infinix-original-imag5gnzeygmt9fh.jpeg
8f371e6eea064f049116ec46557820aa,"POCO C3 (Lime Green, 64 GB)","If your old phone is acting up, then it’s time to replace it with this smartphone from POCO. Loaded with a host of amazing features, ranging from a MediaTek Helio G35 Octa-core processor to a 5000-mAh battery, this smartphone is what long hours of performance are all about. And, if you have a thing for video games, then you can enjoy lag-free gaming on this phone courtesy of the HyperEngine Game Technology.",8499.0,https://rukminim1.flixcart.com/image/312/312/kfvfwy80/mobile/z/f/q/poco-c3-mzb07rlin-original-imafw8qzjeyyh44a.jpeg
d1cf3d9b1bcc49648faf737024c1f64d,"POCO M3 (Cool Blue, 64 GB)","The POCO M3 is a stylish personal device that offers immersive visuals, seamless performance, and long battery life for uninterrupted functioning. This smartphone features a Premium Design to let you flaunt style, 6 GB LPDDR4X RAM for smooth performance, and an FHD+ Display for clear and detailed visuals. ",11499.0,https://rukminim1.flixcart.com/image/312/312/kklhbbk0/mobile/h/i/q/m3-mzb087ain-poco-original-imafzxf8zqkcgwfv.jpeg
4d2dc02c1b7d45ee8db4a800921d057d,"REDMI 9 Power (Electric Green, 64 GB)","48MP quad rear camera, ultra-wide, macro mode, portrait, ai scene recognition, night mode, hdr, pro mode | 8MP front camera,
16.58 centimeters (6.53 inch) FHD+ multi-touch capacitive touchscreen with 2340 x 1080 pixels resolution, 394 ppi pixel density and 19.5:9 aspect ratio,
Memory, Storage & SIM: 4GB RAM | 128GB internal memory expandable up to 512GB | Dual SIM + Dedicated SD card slot,
Android v10 operating system with upto 2.0GHz clock speed Qualcomm Snapdragon 662 octa core processor,
6000mAH large lithium-polymer battery 18W charging support",10999.0,https://rukminim1.flixcart.com/image/312/312/kj0bp8w0-0/mobile/p/n/c/9-power-mobhqab5-redmi-original-imafyz7aqsrggzgh.jpeg
b3eebed165d54743a7fe08a8695eaec2,"Infinix Smart 5A (Quetzal Cyan, 32 GB)","The Infinix Smart 5A brings you impressive visuals, rich sound, and long battery life, all packaged in an attractive smartphone. It features a 16.5 cm (6.52) HD+ screen that offers immersive cinematic visuals. The smartphone is powered by a powerful 12 nm Helio A30 Quad-core processor to handle multiple operations at the same time. It also comes with a responsive fingerprint sensor and Face Unlock feature for additional security. ",6499.0,https://rukminim1.flixcart.com/image/312/312/krtjgcw0/mobile/g/g/m/smart-5a-x657c-infinix-original-imag5gnzyyzq668p.jpeg
72e49968cc214d498328a160075e68ba,"Infinix Smart 5A (Midnight Black, 32 GB)","The Infinix Smart 5A brings you impressive visuals, rich sound, and long battery life, all packaged in an attractive smartphone. It features a 16.5 cm (6.52) HD+ screen that offers immersive cinematic visuals. The smartphone is powered by a powerful 12 nm Helio A30 Quad-core processor to handle multiple operations at the same time. It also comes with a responsive fingerprint sensor and Face Unlock feature for additional security. ",6499.0,https://rukminim1.flixcart.com/image/312/312/krtjgcw0/mobile/v/k/3/smart-5a-x657c-infinix-original-imag5gnz8pz7nmkk.jpeg
508d614144c140f09b4b602e7ab3e5dc,"realme Narzo 50i (Carbon Black, 32 GB)","Play games for hours, binge-watch shows, and browse the web world uninterrupted with the realme Narzo 50i smartphone. This smart device comes with a 5000 mAh Battery for hours of engagement, a 16.5 cm (6.5) Display for immersive visuals, and a Powerful Octa-core Processor for smooth performance. ",7499.0,https://rukminim1.flixcart.com/image/312/312/ktx9si80/mobile/h/b/c/narzo-50i-rmx3231-realme-original-imag75hcyzzggbat.jpeg
ef648300622a422295880ab87bd31399,"realme Narzo 50i (Mint Green, 32 GB)","Play games for hours, binge-watch shows, and browse the web world uninterrupted with the realme Narzo 50i smartphone. This smart device comes with a 5000 mAh Battery for hours of engagement, a 16.5 cm (6.5) Display for immersive visuals, and a Powerful Octa-core Processor for smooth performance. ",7499.0,https://rukminim1.flixcart.com/image/312/312/ktx9si80/mobile/s/o/j/narzo-50i-rmx3231-realme-original-imag75h86v5thnzy.jpeg
15e5f552e2dc4ab1a088e542bfd5451a,"REDMI 9i Sport (Carbon Black, 64 GB)",NA,8499.0,https://rukminim1.flixcart.com/image/312/312/ku04o7k0/mobile/p/8/u/9i-sport-mzb0a5iin-redmi-original-imag785qegs5ghyy.jpeg
6a1522db56a0472f9d20b9c41934d301,"realme 8s 5G (Universe Purple, 128 GB)",NA,17999.0,https://rukminim1.flixcart.com/image/312/312/ktbu6q80/mobile/f/s/e/8s-5g-rmx3381-realme-original-imag6zhgra57dtqe.jpeg
5d62bc259b854f0fac40cce661940c18,"realme 8s 5G (Universe Blue, 128 GB)",NA,17999.0,https://rukminim1.flixcart.com/image/312/312/ktbu6q80/mobile/2/m/c/8s-5g-rmx3381-realme-original-imag6zhgghpzegzp.jpeg
6449cf9d798543439ebb8cb86f24942d,"realme 8i (Space Purple, 64 GB)",NA,13999.0,https://rukminim1.flixcart.com/image/312/312/ktbu6q80/mobile/q/g/q/8i-rmx3151-realme-original-imag6zhnbsuhcqny.jpeg
0405c77e03c5439787624b58ce429b80,"realme 8i (Space Black, 64 GB)",NA,13999.0,https://rukminim1.flixcart.com/image/312/312/ktbu6q80/mobile/x/w/y/8i-rmx3151-realme-original-imag6zhnabagtrzu.jpeg
97059a9526c9477d9af7d07d1d01881e,"realme 8i (Space Black, 128 GB)",NA,15999.0,https://rukminim1.flixcart.com/image/312/312/ktbu6q80/mobile/x/w/y/8i-rmx3151-realme-original-imag6zhnabagtrzu.jpeg
f87b8354578b41fd866544e4d23a74b5,"POCO M3 (Yellow, 64 GB)",NA,10499.0,https://rukminim1.flixcart.com/image/312/312/kklhbbk0/mobile/5/4/p/m3-mzb087cin-poco-original-imafzxf92cbfbnyq.jpeg
6090be59cf4844968cb66a0424ac976e,"Infinix Hot 10 Play (Aegean Blue, 64 GB)","Don’t miss out on life’s precious moments by bringing home the Infinix Hot 10 Play smartphone. You can capture memories, moments, and much more on this smartphone as it comes with AI-powered 13 MP dual rear camera setup and an 8 MP selfie camera. This phone's large 17.3 cm (6.8) display makes it a delight to scroll through photos and watch videos. Powered by a high-capacity 6000 mAh battery, the Hot 10 Play offers long-lasting battery life to help you sail through your day. ",8499.0,https://rukminim1.flixcart.com/image/312/312/knm2s280/mobile/8/r/c/hot-10-play-x688b-infinix-original-imag29hftfmjywkv.jpeg
66dcbc140f3848f39b8489ab18ba37d7,"Infinix Hot 10 Play (Morandi Green, 32 GB)","The Infinix Hot 10 features an expansive 17.32 cm (6.82) HD+ Drop Notch Cinematic Screen with NEG Dinorex glass protection for an immersive experience. And, with a 13 MP AI Dual Camera and Quad-LED flash, you can take eye-catching photos of everything around you. And, it’s powered by a 12nm Helio G35 Octa-core processor along with 3 GB RAM and 32 GB storage for powerful usage and enough storage space.",7799.0,https://rukminim1.flixcart.com/image/312/312/knm2s280/mobile/v/l/u/hot-10-play-x688b-infinix-original-imag29hfaedkgdfe.jpeg
05b8d689804f41db8189e5778a18c012,"Infinix Hot 10 Play (Morandi Green, 64 GB)","Don’t miss out on life’s precious moments by bringing home the Infinix Hot 10 Play smartphone. You can capture memories, moments, and much more on this smartphone as it comes with AI-powered 13 MP dual rear camera setup and an 8 MP selfie camera. This phone's large 17.3 cm (6.8) display makes it a delight to scroll through photos and watch videos. Powered by a high-capacity 6000 mAh battery, the Hot 10 Play offers long-lasting battery life to help you sail through your day. ",8499.0,https://rukminim1.flixcart.com/image/312/312/knm2s280/mobile/v/l/u/hot-10-play-x688b-infinix-original-imag29hfaedkgdfe.jpeg
818c9af59790486aa478f9d04c97d8f3,"realme Narzo 30 (Racing Blue, 64 GB)","With the realme Narzo 30, make your mobile gaming experience smooth, lag-free, and immersive. This smartphone runs on the Helio G95 Gaming Processor for intense gaming, a 90 Hz Ultra-smooth Display for smooth scrolling, and a 5000 mAh Massive Battery for hours of gaming marathons.",12499.0,https://rukminim1.flixcart.com/image/312/312/kq18n0w0/mobile/y/2/b/narzo-30-rmx2156-realme-original-imag45yhzhugdcqh.jpeg
61f2408b48cb4e9ea8dbc00e9c5abe5b,"Infinix Hot 10 Play (7° Purple, 64 GB)","Don’t miss out on life’s precious moments by bringing home the Infinix Hot 10 Play smartphone. You can capture memories, moments, and much more on this smartphone as it comes with AI-powered 13 MP dual rear camera setup and an 8 MP selfie camera. This phone's large 17.3 cm (6.8) display makes it a delight to scroll through photos and watch videos. Powered by a high-capacity 6000 mAh battery, the Hot 10 Play offers long-lasting battery life to help you sail through your day. ",8499.0,https://rukminim1.flixcart.com/image/312/312/knm2s280/mobile/c/n/a/hot-10-play-x688b-infinix-original-imag29hfg6vspbuz.jpeg
7e96af7d22814ccfa19d5413af0f4bd0,"Infinix Hot 10 Play (Aegean Blue, 32 GB)","The Infinix Hot 10 features an expansive 17.32 cm (6.82) HD+ Drop Notch Cinematic Screen with NEG Dinorex glass protection for an immersive experience. And, with a 13 MP AI Dual Camera and Quad-LED flash, you can take eye-catching photos of everything around you. And, it’s powered by a 12nm Helio G35 Octa-core processor along with 3 GB RAM and 32 GB storage for powerful usage and enough storage space.",7799.0,https://rukminim1.flixcart.com/image/312/312/knm2s280/mobile/8/r/c/hot-10-play-x688b-infinix-original-imag29hftfmjywkv.jpeg
055c095e572242829efbf531eea35fb4,"REDMI 9i Sport (Coral Green, 64 GB)",NA,8799.0,https://rukminim1.flixcart.com/image/312/312/ku04o7k0/mobile/m/w/p/9i-sport-mzb0a0yin-redmi-original-imag785ryfspqg3a.jpeg
ec348178873346a3b0b69c6fbb3b6b8c,"POCO X3 Pro (Steel Blue, 128 GB)","For fast computing on the move, impressive photos, and all-day-long, uninterrupted performance, the POCO X3 Pro is the right device for you. This smartphone features the Qualcomm Snapdragon 860 for smooth function, 16.94-cm (6.67) FHD+ Display for clear visuals, and a 5160 mAh Battery to ensure that your smartphone does not run out of battery quickly. ",16999.0,https://rukminim1.flixcart.com/image/312/312/kr9jafk0/mobile/m/m/y/x3-pro-mzb08t9in-poco-original-imag52znesm3hemf.jpeg
39d4cde0e23d405fbc11eb284040434b,"POCO C3 (Arctic Blue, 32 GB)","If your old phone is acting up, then it’s time to replace it with this smartphone from POCO. Loaded with a host of amazing features, ranging from a MediaTek Helio G35 Octa-core processor to a 5000-mAh battery, this smartphone is what long hours of performance are all about. And, if you have a thing for video games, then you can enjoy lag-free gaming on this phone courtesy of the HyperEngine Game Technology.",7499.0,https://rukminim1.flixcart.com/image/312/312/kfvfwy80/mobile/j/h/t/poco-c3-mzb07riin-original-imafw8qbg63kvngr.jpeg
39b3f645d239440da06ef5b554a413fd,"POCO M2 Pro (Green and Greener, 64 GB)",NA,12999.0,https://rukminim1.flixcart.com/image/312/312/kcauaa80/mobile/c/w/a/poco-m2-pro-mzb9625in-original-imaftga2ytmnt7ac.jpeg
0767bd78689845f28301cad621e77836,"REDMI 9 Prime (Mint Green, 64 GB)",NA,9999.0,https://rukminim1.flixcart.com/image/312/312/ke0a7ww0/mobile/4/r/e/mi-redmi-9-prime-m2004j191-original-imafushhfhy3tbp9.jpeg
2535baea056847bcba67499f75a68f62,"POCO C3 (Matte Black, 64 GB)","If your old phone is acting up, then it’s time to replace it with this smartphone from POCO. Loaded with a host of amazing features, ranging from a MediaTek Helio G35 Octa-core processor to a 5000-mAh battery, this smartphone is what long hours of performance are all about. And, if you have a thing for video games, then you can enjoy lag-free gaming on this phone courtesy of the HyperEngine Game Technology.",8499.0,https://rukminim1.flixcart.com/image/312/312/kfvfwy80/mobile/x/p/b/poco-c3-mzb07rhin-original-imafw8zkfygmfgfr.jpeg
ed15c7676d704ee281d24d4aabe86dda,"realme 8i (Space Purple, 128 GB)",NA,15999.0,https://rukminim1.flixcart.com/image/312/312/ktbu6q80/mobile/q/g/q/8i-rmx3151-realme-original-imag6zhnbsuhcqny.jpeg
134d814b63774596b2cd645512780628,"REDMI 9 Prime (Space Blue, 64 GB)",NA,9999.0,https://rukminim1.flixcart.com/image/312/312/ke1pnrk0/mobile/h/f/2/mi-redmi-9-prime-m2004j191-original-imafutb5637bes8y.jpeg
5da02c788351461ea16c40c88feea8a3,"realme Narzo 30 (Racing Silver, 64 GB)",NA,13499.0,https://rukminim1.flixcart.com/image/312/312/kq18n0w0/mobile/u/w/b/narzo-30-rmx2156-realme-original-imag45ymfpry9ecq.jpeg
54c09064f02d43f0bc90fbf9faf30081,"Infinix Hot 10 Play (Obsidian Black, 64 GB)","Don’t miss out on life’s precious moments by bringing home the Infinix Hot 10 Play smartphone. You can capture memories, moments, and much more on this smartphone as it comes with AI-powered 13 MP dual rear camera setup and an 8 MP selfie camera. This phone's large 17.3 cm (6.8) display makes it a delight to scroll through photos and watch videos. Powered by a high-capacity 6000 mAh battery, the Hot 10 Play offers long-lasting battery life to help you sail through your day. ",8499.0,https://rukminim1.flixcart.com/image/312/312/knm2s280/mobile/j/x/c/hot-10-play-x688b-infinix-original-imag29gxqzuxkmnk.jpeg
b55554ddf60f408faa875a92eca3640d,"OPPO A33 (Moonlight Black, 32 GB)",NA,8990.0,https://rukminim1.flixcart.com/image/312/312/kgiaykw0/mobile/g/s/r/oppo-a33-cph2137-original-imafwqg8vkpgs265.jpeg
d32c8c731823434486feac1f2c11b86f,"realme C21Y (Cross Black, 32 GB)",NA,8999.0,https://rukminim1.flixcart.com/image/312/312/ksnjp8w0/mobile/h/u/u/c21y-rmx3261-realme-original-imag65kcafgjqknz.jpeg
871c38b5735643b8aa6c858053a83440,"POCO M2 Reloaded (Mostly Blue, 64 GB)",NA,9999.0,https://rukminim1.flixcart.com/image/312/312/knoxnrk0/mobile/g/t/b/m2-reloaded-mzb0958in-poco-original-imag2aqysugzcdhu.jpeg
60a0692845df48aab401ace1cc01861a,"REDMI 9 Prime (Sunrise Flare, 64 GB)",NA,9999.0,https://rukminim1.flixcart.com/image/312/312/ke1pnrk0/mobile/g/2/p/mi-redmi-9-prime-m2004j191-original-imafuteqf9gdxdcg.jpeg
dbc9df4e815a4cb39559835148bbf578,"APPLE iPhone 12 (Blue, 64 GB)",NA,53999.0,https://rukminim1.flixcart.com/image/312/312/kg8avm80/mobile/y/7/n/apple-iphone-12-dummyapplefsn-original-imafwg8dqq7z8cgh.jpeg
830ae4f31f0d495fbc3b878dc5f34b47,"APPLE iPhone 12 (Red, 128 GB)",NA,59999.0,https://rukminim1.flixcart.com/image/312/312/kg8avm80/mobile/q/8/f/apple-iphone-12-dummyapplefsn-original-imafwg8drqaam5vu.jpeg
8d7ce2eec89e494784d4591688b006be,"Infinix Smart 5 (Obsidian Black, 32 GB)","Sleek, sharp, and powerful, the Infinix Smart 5 smartphone is the ideal combination of premium technology and impressive style. Its 13 MP AI dual rear camera combines the benefits of a 13 MP primary lens and a nifty low-light sensor, along with a quad-LED flash, to let you click incredible pictures in different lighting conditions. Powered by the Helio G25 octa-core processor, this smartphone enables you to enjoy exciting gaming sessions with well-detailed graphics. Furthermore, you can watch videos and movies come to life in vivid detail on this smartphone's 17.32 cm (6.82) HD+ Drop notch display. ",6999.0,https://rukminim1.flixcart.com/image/312/312/kkyc9zk0/mobile/9/j/5/smart-5-x688c-infinix-original-imagy6wkgsmadzw6.jpeg
51cff8b8194940e898db75f47c943359,"realme C25Y (Metal Grey, 128 GB)",NA,11999.0,https://rukminim1.flixcart.com/image/312/312/ktlu9ow0/mobile/p/c/u/c25y-rmx3265-realme-original-imag6wmjczbfhk4w.jpeg
bd3c971453364a648af1103bb7cd6429,"realme C25Y (Glacier Blue, 128 GB)",NA,11999.0,https://rukminim1.flixcart.com/image/312/312/ktlu9ow0/mobile/0/3/i/c25y-rmx3265-realme-original-imag6wmjnqmfhcwt.jpeg
cc515523d1584b8185a7c84edfeca8e0,"APPLE iPhone 12 (Purple, 64 GB)","Dive into a world of crystal-clear visuals with the Super Retina XDR Display of this Apple iPhone 12. This beast of a smartphone packs the A14 Bionic chip to make for blazing-fast performance speeds. On top of that, its Dual-camera System, along with Night Mode, helps you click amazing pictures and selfies even when the lighting isn’t as good as you’d want it to be.",53999.0,https://rukminim1.flixcart.com/image/312/312/ko0d6kw0/mobile/6/h/y/iphone-12-mjnm3hn-a-apple-original-imag2k2v6ehvnzfd.jpeg
88e62f71d63a4456a0904143772ff6ce,"realme 8 (Cyber Black, 128 GB)","The realme 8 features a Super AMOLED Display so that you can enjoy vivid and eye-catching visuals that will enhance your viewing experience while streaming content, gaming, and so on. The Tilt-shift mode of the mobile phone can be used to play around with the perspective so that your pictures are out of the ordinary and mesmerising. And, thanks to the 16 MP Selfie Camera enables you to take delightful selfies with your loved ones and you can make them unique with features such as Selfie Nightscape and the AI Portrait mode.  ",15999.0,https://rukminim1.flixcart.com/image/312/312/kmmcrrk0/mobile/4/g/a/8-rmx3085-realme-original-imagfgpfdkyc29zc.jpeg
1f56e37e226f441c9df2ee49a5bf83d4,"REDMI 9i (Midnight Black, 64 GB)","Work or play, the Redmi 9i is an ideal companion that helps you go through your everyday tasks with ease. With a huge HD+ IPS display, the powerful Helio G25 processor, a massive 5000 mAh battery, two powerful cameras, and a ton of other innovative features, the Redmi 9i is ready to take any challenge that comes its way.",8799.0,https://rukminim1.flixcart.com/image/312/312/kesv0y80/mobile/h/p/q/redmi-9i-mzb0814in-original-imafvehkgzghyqtp.jpeg
7c230b0a4bdc4d528b9f8d85ec935aba,"POCO M2 Pro (Out of the Blue, 64 GB)",NA,12999.0,https://rukminim1.flixcart.com/image/312/312/kcauaa80/mobile/b/b/u/poco-m2-pro-mzb9628in-original-imaftg8dbxfqhddh.jpeg
dd9bc41d88ce4b05ab512fe99d3e9bce,"OPPO A33 (Mint Cream, 32 GB)",NA,8990.0,https://rukminim1.flixcart.com/image/312/312/kgiaykw0/mobile/x/9/g/oppo-a33-cph2137-original-imafwqg8ashrnxrb.jpeg
312e2a61ccf545098db297d7231bfe9f,"APPLE iPhone 12 (White, 64 GB)",NA,53999.0,https://rukminim1.flixcart.com/image/312/312/kg8avm80/mobile/j/f/9/apple-iphone-12-dummyapplefsn-original-imafwg8dhe5aeyhk.jpeg
d1264d0e9dcb41099853085987d9cadc,"realme GT NEO 2 (NEO Black, 128 GB)",NA,31999.0,https://rukminim1.flixcart.com/image/312/312/kumzpu80/mobile/h/x/v/gt-neo2-5g-rmx3370-realme-original-imag7puemtw7atdk.jpeg
3e3015ea0886436b8a01b8e6b8f67d4c,"realme GT NEO 2 (NEO Black, 256 GB)",NA,35999.0,https://rukminim1.flixcart.com/image/312/312/kumzpu80/mobile/h/x/v/gt-neo2-5g-rmx3370-realme-original-imag7puemtw7atdk.jpeg
cc8a1731840d4d7b92e0985d2d1628b1,"REDMI 9 Power (Fiery Red, 64 GB)","48MP quad rear camera, ultra-wide, macro mode, portrait, ai scene recognition, night mode, hdr, pro mode | 8MP front camera,
16.58 centimeters (6.53 inch) FHD+ multi-touch capacitive touchscreen with 2340 x 1080 pixels resolution, 394 ppi pixel density and 19.5:9 aspect ratio,
Memory, Storage & SIM: 4GB RAM | 128GB internal memory expandable up to 512GB | Dual SIM + Dedicated SD card slot,
Android v10 operating system with upto 2.0GHz clock speed Qualcomm Snapdragon 662 octa core processor,
6000mAH large lithium-polymer battery 18W charging support",10999.0,https://rukminim1.flixcart.com/image/312/312/kj0bp8w0-0/mobile/t/o/v/9-power-mobhqab8-redmi-original-imafyz7ca8hbsgh3.jpeg
714d13895a564affb88686412e16a6c5,"SAMSUNG Galaxy F22 (Denim Blue, 128 GB)","Bid goodbye to screen stuttering, poor display quality, and low-resolution photos by getting your hands on the Samsung Galaxy F22 smartphone. Featuring a 90 Hz refresh rate, HD+ sAMOLED display, and True 48 MP quad-rear camera, this smartphone is sure to be your ideal companion for entertainment, gaming, and communication. What's more, its 6000 mAh battery ensures that a full charge can last for an entire day.",14499.0,https://rukminim1.flixcart.com/image/312/312/kqqykcw0/mobile/j/5/7/galaxy-f22-sm-e225flbdins-samsung-original-imag4z99fp4qdfby.jpeg
c302566666784895aa4fc8fc8e38cceb,"realme GT NEO 2 (NEO Blue, 256 GB)",NA,35999.0,https://rukminim1.flixcart.com/image/312/312/kumzpu80/mobile/s/i/s/gt-neo2-5g-rmx3370-realme-original-imag7pvk7ffche45.jpeg
d7f9895bbdd94622a76fe9433a53ff7c,"POCO M2 Reloaded (Greyish Black, 64 GB)",NA,9999.0,https://rukminim1.flixcart.com/image/312/312/knoxnrk0/mobile/4/b/p/m2-reloaded-mzb0957in-poco-original-imag2aqyhdfvsty8.jpeg
837b4b619e874811b612b07d8ef6ebb7,"REDMI 9 Power (Mighty Black, 64 GB)","48MP quad rear camera, ultra-wide, macro mode, portrait, ai scene recognition, night mode, hdr, pro mode | 8MP front camera,
16.58 centimeters (6.53 inch) FHD+ multi-touch capacitive touchscreen with 2340 x 1080 pixels resolution, 394 ppi pixel density and 19.5:9 aspect ratio,
Memory, Storage & SIM: 4GB RAM | 128GB internal memory expandable up to 512GB | Dual SIM + Dedicated SD card slot,
Android v10 operating system with upto 2.0GHz clock speed Qualcomm Snapdragon 662 octa core processor,
6000mAH large lithium-polymer battery 18W charging support",13999.0,https://rukminim1.flixcart.com/image/312/312/kj0bp8w0-0/mobile/d/e/1/9-power-mobhqab1-redmi-original-imafyz93hghvjkmu.jpeg
df50aebaa14a471289068e10fa308593,"REDMI 9i (Nature Green, 64 GB)","Work or play, the Redmi 9i is an ideal companion that helps you go through your everyday tasks with ease. With a huge HD+ IPS display, the powerful Helio G25 processor, a massive 5000 mAh battery, two powerful cameras, and a ton of other innovative features, the Redmi 9i is ready to take any challenge that comes its way.",8799.0,https://rukminim1.flixcart.com/image/312/312/kesv0y80/mobile/u/h/m/redmi-9i-mzb0818in-original-imafveh4xva2fes2.jpeg
efdc37bac17e44429f6f919362ab89d0,"REDMI 9 Prime (Matte Black, 64 GB)",NA,9999.0,https://rukminim1.flixcart.com/image/312/312/ke0a7ww0/mobile/u/v/h/mi-redmi-9-prime-m2004j191-original-imafushhnazgtpzr.jpeg
81207bfa0d814dbe8f2919895ed0bf94,"OPPO A53s 5G (Ink Black, 128 GB)","The OPPO A53s 5G is designed and created to offer you a device that delivers smooth and high-speed performance, captures visually stunning images, and features a user-friendly interface. This smartphone features an MTK Dimensity 700 5G chip to let you use two 5G SIM cards, a 5000 mAh Battery for long-lasting, uninterrupted use, and an AI Triple Camera system to click wonderful photos. ",14990.0,https://rukminim1.flixcart.com/image/312/312/knyxqq80/mobile/1/u/e/a53s-5g-cph2321-oppo-original-imag2gwzmunrmur8.jpeg
f86d83034ff14c22af7a530f9d6871bb,"SAMSUNG Galaxy F22 (Denim Black, 128 GB)","Bid goodbye to screen stuttering, poor display quality, and low-resolution photos by getting your hands on the Samsung Galaxy F22 smartphone. Featuring a 90 Hz refresh rate, HD+ sAMOLED display, and True 48 MP quad-rear camera, this smartphone is sure to be your ideal companion for entertainment, gaming, and communication. What's more, its 6000 mAh battery ensures that a full charge can last for an entire day.",14499.0,https://rukminim1.flixcart.com/image/312/312/kqqykcw0/mobile/p/y/u/galaxy-f22-sm-e225fzkhins-samsung-original-imag4z99fagskjxd.jpeg
cda5d5f355464ee2a8445c01d7fb1920,"Infinix Smart 5 (Morandi Green, 32 GB)","Sleek, sharp, and powerful, the Infinix Smart 5 smartphone is the ideal combination of premium technology and impressive style. Its 13 MP AI dual rear camera combines the benefits of a 13 MP primary lens and a nifty low-light sensor, along with a quad-LED flash, to let you click incredible pictures in different lighting conditions. Powered by the Helio G25 octa-core processor, this smartphone enables you to enjoy exciting gaming sessions with well-detailed graphics. Furthermore, you can watch videos and movies come to life in vivid detail on this smartphone's 17.32 cm (6.82) HD+ Drop notch display. ",6999.0,https://rukminim1.flixcart.com/image/312/312/kkyc9zk0/mobile/a/z/x/smart-5-x688c-infinix-original-imagy6wkzsgghduf.jpeg
cb105ed13685457d9a62fe8e734745d2,"Infinix Smart 5 (7 Purple, 32 GB)","Sleek, sharp, and powerful, the Infinix Smart 5 smartphone is the ideal combination of premium technology and impressive style. Its 13 MP AI dual rear camera combines the benefits of a 13 MP primary lens and a nifty low-light sensor, along with a quad-LED flash, to let you click incredible pictures in different lighting conditions. Powered by the Helio G25 octa-core processor, this smartphone enables you to enjoy exciting gaming sessions with well-detailed graphics. Furthermore, you can watch videos and movies come to life in vivid detail on this smartphone's 17.32 cm (6.82) HD+ Drop notch display. ",6999.0,https://rukminim1.flixcart.com/image/312/312/kkyc9zk0/mobile/b/f/h/smart-5-x688c-infinix-original-imagy6wk8amhrdrg.jpeg
e1ce91b6b5db493199f0e708683550d2,"Infinix Smart 5 (Aegean Blue, 32 GB)","Sleek, sharp, and powerful, the Infinix Smart 5 smartphone is the ideal combination of premium technology and impressive style. Its 13 MP AI dual rear camera combines the benefits of a 13 MP primary lens and a nifty low-light sensor, along with a quad-LED flash, to let you click incredible pictures in different lighting conditions. Powered by the Helio G25 octa-core processor, this smartphone enables you to enjoy exciting gaming sessions with well-detailed graphics. Furthermore, you can watch videos and movies come to life in vivid detail on this smartphone's 17.32 cm (6.82) HD+ Drop notch display. ",6999.0,https://rukminim1.flixcart.com/image/312/312/kkyc9zk0/mobile/9/9/b/smart-5-x688c-infinix-original-imagy6wkafwrgj9z.jpeg
6e578c499fd54ad0a073ec67cb3e5ace,"POCO M2 Pro (Two Shades of Black, 64 GB)",NA,12999.0,https://rukminim1.flixcart.com/image/312/312/kcauaa80/mobile/2/p/u/poco-m2-pro-mzb9621in-original-imaftg9fkdpgbgxq.jpeg
a94925b75c784d9d822e80b1fe017eda,"realme GT Master Edition (Luna White, 128 GB)",NA,25999.0,https://rukminim1.flixcart.com/image/312/312/ksgehzk0/mobile/n/b/z/gt-master-edition-rmx3360-realme-original-imag6yg7hbzxuc6s.jpeg
af5b9d69cf9e48f59bae56ea4b84eb8a,"OPPO A12 (Black, 32 GB)","Flaunt this stylish and classy Oppo A12 smartphone in front of all your friends and be the envy of all eyes. It features an alluring 3D Diamond Blaze design, which further takes its look up by a notch. The 15.79 cm (6.22) display, with Blue Light Shield, offers an immersive viewing experience, while protecting your eyes from the harmful blue light. Also, you can quickly and securely unlock this phone and enjoy its amazing features with just a touch, thanks to the fingerprint sensor. ",8490.0,https://rukminim1.flixcart.com/image/312/312/kb1470w0/mobile/6/r/s/oppo-a12-cph2083-original-imafsh2hvz4f2sa5.jpeg
3844a0a71eac4ed894f149415e7acf45,"OPPO A12 (Flowing Silver, 64 GB)",NA,9490.0,https://rukminim1.flixcart.com/image/312/312/kjx6tu80/mobile/k/v/y/oppo-a12-cph2083-original-imafze3fkyc6ghjy.jpeg
18e39b871b874560a40245c073db765d,"OPPO A12 (Deep Blue, 64 GB)",NA,9490.0,https://rukminim1.flixcart.com/image/312/312/kjx6tu80/mobile/c/e/8/oppo-a12-cph2083-original-imafze3h8d7n7jnh.jpeg
38ce261a0812414f8dd8e429463ef6c6,"OPPO A12 (Deep Blue, 32 GB)",NA,8490.0,https://rukminim1.flixcart.com/image/312/312/kjx6tu80/mobile/c/e/8/oppo-a12-cph2083-original-imafze3h8d7n7jnh.jpeg
04e942acfdc74e2484df260a6a442234,"REDMI 9i (Sea Blue, 64 GB)","Work or play, the Redmi 9i is an ideal companion that helps you go through your everyday tasks with ease. With a huge HD+ IPS display, the powerful Helio G25 processor, a massive 5000 mAh battery, two powerful cameras, and a ton of other innovative features, the Redmi 9i is ready to take any challenge that comes its way.",8799.0,https://rukminim1.flixcart.com/image/312/312/kesv0y80/mobile/b/y/9/redmi-9i-mzb0815in-original-imafvehwghyuphbc.jpeg
bc16674b37984c81a6a0310568eef6ea,"POCO C31 (Royal Blue, 64 GB)",NA,9499.0,https://rukminim1.flixcart.com/image/312/312/ku4ezrk0/mobile/p/e/4/c31-mzb0a0jin-poco-original-imag7bzqxgdhgf2n.jpeg
5a9bd33a64494752aea38b6192df7bc7,"Infinix Hot 10S (7° Purple, 64 GB)","The Infinix Hot 10S features a 17.32 cm (6.82) HD+ Drop Notch Cinematic Screen that ensures an immersive experience while you video call your loved ones, game, and much more. Powered by the Helio G85 Octa-core Processor and the Game Boost technology, you can enjoy using the mobile phone while gaming, streaming content, and so on. And, you can also enjoy heightened security as you can easily and securely unlock your device using the multifunctional fingerprint sensor and the face unlock feature. ",10499.0,https://rukminim1.flixcart.com/image/312/312/kqfj1jk0/mobile/u/f/n/hot-10s-x689-64-6-infinix-original-imag4fk6h5dfztv3.jpeg
ef44b3d6046e42749a8ff50800f60b54,"SAMSUNG Galaxy F22 (Denim Blue, 64 GB)","Bid goodbye to screen stuttering, poor display quality, and low-resolution photos by getting your hands on the Samsung Galaxy F22 smartphone. Featuring a 90 Hz refresh rate, HD+ sAMOLED display, and True 48 MP quad-rear camera, this smartphone is sure to be your ideal companion for entertainment, gaming, and communication. What's more, its 6000 mAh battery ensures that a full charge can last for an entire day.",12499.0,https://rukminim1.flixcart.com/image/312/312/kqqykcw0/mobile/j/5/7/galaxy-f22-sm-e225flbdins-samsung-original-imag4z99fp4qdfby.jpeg
0a16b9a603e34906aa3f538e72471a59,LAVA GEM,NA,1499.0,https://rukminim1.flixcart.com/image/312/312/jm6mjrk0/mobile/a/r/h/lava-gem-gem-original-imaf94c6ahzrabmc.jpeg
7c8ae772c6cc43548892fc3d7b5117c2,"POCO M2 Pro (Green and Greener, 128 GB)",NA,13999.0,https://rukminim1.flixcart.com/image/312/312/kcauaa80/mobile/c/w/a/poco-m2-pro-mzb9625in-original-imaftga2ytmnt7ac.jpeg
d83bf90caa114dd7b53263d76fdaefe2,"realme 8 (Cyber Silver, 128 GB)","The realme 8 features a Super AMOLED Display so that you can enjoy vivid and eye-catching visuals that will enhance your viewing experience while streaming content, gaming, and so on. The Tilt-shift mode of the mobile phone can be used to play around with the perspective so that your pictures are out of the ordinary and mesmerising. And, thanks to the 16 MP Selfie Camera enables you to take delightful selfies with your loved ones and you can make them unique with features such as Selfie Nightscape and the AI Portrait mode.  ",15999.0,https://rukminim1.flixcart.com/image/312/312/kmmcrrk0/mobile/y/o/q/8-rmx3085-realme-original-imagfgpgmm6h8ptt.jpeg
899c5db5964942bfb10177a66a11eaaf,"realme Narzo 30 (Racing Blue, 128 GB)","With the realme Narzo 30, make your mobile gaming experience smooth, lag-free, and immersive. This smartphone runs on the Helio G95 Gaming Processor for intense gaming, a 90 Hz Ultra-smooth Display for smooth scrolling, and a 5000 mAh Massive Battery for hours of gaming marathons.",14499.0,https://rukminim1.flixcart.com/image/312/312/kq18n0w0/mobile/y/2/b/narzo-30-rmx2156-realme-original-imag45yhzhugdcqh.jpeg
0d3e3770a62543e08ebea630d3fa4cd5,"OPPO A12 (Blue, 32 GB)","Flaunt this stylish and classy Oppo A12 smartphone in front of all your friends and be the envy of all eyes. It features an alluring 3D Diamond Blaze design, which further takes its look up by a notch. The 15.79 cm (6.22) display, with Blue Light Shield, offers an immersive viewing experience, while protecting your eyes from the harmful blue light. Also, you can quickly and securely unlock this phone and enjoy its amazing features with just a touch, thanks to the fingerprint sensor. ",8490.0,https://rukminim1.flixcart.com/image/312/312/kb1470w0/mobile/q/g/g/oppo-a12-cph2083-original-imafsh2hfkyamqyt.jpeg
a63a9fb4d2b24624b06dfd75f82cb745,"APPLE iPhone 12 (Blue, 128 GB)",NA,59999.0,https://rukminim1.flixcart.com/image/312/312/kg8avm80/mobile/y/7/n/apple-iphone-12-dummyapplefsn-original-imafwg8dqq7z8cgh.jpeg
b0f71614d7e340b4a8e0f51121697b69,"Infinix Hot 10 Play (7° Purple, 32 GB)","The Infinix Hot 10 features an expansive 17.32 cm (6.82) HD+ Drop Notch Cinematic Screen with NEG Dinorex glass protection for an immersive experience. And, with a 13 MP AI Dual Camera and Quad-LED flash, you can take eye-catching photos of everything around you. And, it’s powered by a 12nm Helio G35 Octa-core processor along with 3 GB RAM and 32 GB storage for powerful usage and enough storage space.",7799.0,https://rukminim1.flixcart.com/image/312/312/knm2s280/mobile/c/n/a/hot-10-play-x688b-infinix-original-imag29hfg6vspbuz.jpeg
4b22daf06dda423ead038c651cb14d38,"realme Narzo 50i (Mint Green, 64 GB)","Play games for hours, binge-watch shows, and browse the web world uninterrupted with the realme Narzo 50i smartphone. This smart device comes with a 5000 mAh Battery for hours of engagement, a 16.5 cm (6.5) Display for immersive visuals, and a Powerful Octa-core Processor for smooth performance. ",8999.0,https://rukminim1.flixcart.com/image/312/312/ktx9si80/mobile/s/o/j/narzo-50i-rmx3231-realme-original-imag75h86v5thnzy.jpeg
b0c2446d93d548c2929451d954a5c63d,"POCO M3 (Yellow, 128 GB)","The POCO M3 is a stylish personal device that offers immersive visuals, seamless performance, and long battery life for uninterrupted functioning. This smartphone features a Premium Design to let you flaunt style, 6 GB LPDDR4X RAM for smooth performance, and an FHD+ Display for clear and detailed visuals. ",12999.0,https://rukminim1.flixcart.com/image/312/312/kklhbbk0/mobile/5/4/p/m3-mzb087cin-poco-original-imafzxf92cbfbnyq.jpeg
fcf9809658704621aef3f7c2b44cfada,"APPLE iPhone 12 (Green, 128 GB)",NA,59999.0,https://rukminim1.flixcart.com/image/312/312/kg8avm80/mobile/p/f/w/apple-iphone-12-dummyapplefsn-original-imafwg8dqjuq8sug.jpeg
0facde7e60614000acf2f146ec07386f,"realme Narzo 50i (Carbon Black, 64 GB)","Play games for hours, binge-watch shows, and browse the web world uninterrupted with the realme Narzo 50i smartphone. This smart device comes with a 5000 mAh Battery for hours of engagement, a 16.5 cm (6.5) Display for immersive visuals, and a Powerful Octa-core Processor for smooth performance. ",8999.0,https://rukminim1.flixcart.com/image/312/312/ktx9si80/mobile/h/b/c/narzo-50i-rmx3231-realme-original-imag75hcyzzggbat.jpeg
3537e7d1374f4354bf1bc59c14c75834,"POCO M3 (Power Black, 64 GB)",NA,10499.0,https://rukminim1.flixcart.com/image/312/312/kklhbbk0/mobile/m/s/f/m3-mzb0879in-poco-original-imafzxf686qtxq2x.jpeg
8b7c25614d1444ff828ffbef81388092,"realme GT NEO 2 (NEO Green, 256 GB)",NA,35999.0,https://rukminim1.flixcart.com/image/312/312/kumzpu80/mobile/y/t/f/gt-neo2-5g-rmx3370-realme-original-imag7pugufru4spn.jpeg
763a0e1f9ad6435a88faaa8a77e9ba2b,"realme GT NEO 2 (NEO Blue, 128 GB)",NA,31999.0,https://rukminim1.flixcart.com/image/312/312/kumzpu80/mobile/s/i/s/gt-neo2-5g-rmx3370-realme-original-imag7pvk7ffche45.jpeg
f472d05533e94fbd9a89287e6f08e25e,"realme GT NEO 2 (NEO Green, 128 GB)",NA,31999.0,https://rukminim1.flixcart.com/image/312/312/kumzpu80/mobile/y/t/f/gt-neo2-5g-rmx3370-realme-original-imag7pugufru4spn.jpeg
ea215e91d25346c8aa9a85ff244124db,"Micromax IN Note 1 (White, 128 GB)","The Micromax IN Note 1 is a smartphone you can rely on for all your needs, as it comes with a 5000 mAh battery. With the presence of the 12 nm octa-core MediaTek Helio G85 processor, this phone will enhance your gaming experience. ",12499.0,https://rukminim1.flixcart.com/image/312/312/ku5ufm80/mobile/v/t/1/in-note-1-e7746-micromax-original-imag7cdgz6tqychm.jpeg
9b9d872379ff425784507d054d4f7c23,"APPLE iPhone 12 (Black, 128 GB)","Dive into a world of crystal-clear visuals with the Super Retina XDR Display of this Apple iPhone 12. This beast of a smartphone packs the A14 Bionic chip to make for blazing-fast performance speeds. On top of that, its Dual-camera System, along with Night Mode, helps you click amazing pictures and selfies even when the lighting isn’t as good as you’d want it to be. ",59999.0,https://rukminim1.flixcart.com/image/312/312/kg8avm80/mobile/r/h/z/apple-iphone-12-dummyapplefsn-original-imafwg8dqgncgbcb.jpeg
7ed2bb0124934253af286b7eebb96aa0,"REDMI 9i Sport (Metallic Blue, 64 GB)",NA,8499.0,https://rukminim1.flixcart.com/image/312/312/ku04o7k0/mobile/x/x/t/9i-sport-mzb0a10in-redmi-original-imag785rwf3q8sft.jpeg
653ee562bed5440e9db71fdc2143ece9,"OPPO A12 (Flowing Silver, 32 GB)",NA,8490.0,https://rukminim1.flixcart.com/image/312/312/kjx6tu80/mobile/k/v/y/oppo-a12-cph2083-original-imafze3fkyc6ghjy.jpeg
